frame,gpu_ms,cpu_ms,triangles,draws
0,19.0774,2.863,1063849,1699
1,19.1597,2.728,1063849,1699
2,17.5758,2.616,1063849,1699
3,18.1517,2.655,1063849,1699
4,18.4137,2.853,1063849,1699
5,17.9486,2.94,1063849,1699
6,17.4688,2.987,1063849,1699
7,18.2417,2.932,1063849,1699
8,17.6807,3.283,1063849,1699
9,17.2656,2.854,1063849,1699
10,18.0699,2.928,1063849,1699
11,17.4127,2.897,1063849,1699
12,17.8872,2.658,1063849,1699
13,17.085,2.77,1063849,1699
14,18.7475,2.913,1063849,1699
15,17.4684,2.815,1063849,1699
16,17.6472,2.849,1063849,1699
17,17.5924,2.809,1063849,1699
18,17.4322,2.792,1063849,1699
19,18.2029,2.769,1063849,1699
20,17.3847,2.672,1063849,1699
21,18.2204,2.645,1063849,1699
22,17.9122,3.689,1063849,1699
23,17.164,2.707,1063849,1699
24,18.2445,2.781,1063849,1699
25,17.2252,2.796,1063849,1699
26,18.0857,2.696,1063849,1699
27,17.8847,3.238,1063849,1699
28,17.6181,3.1,1063849,1699
29,17.4793,2.895,1063849,1699
30,18.2829,2.639,1063849,1699
31,18.4226,2.967,1063849,1699
32,18.0889,2.878,1063849,1699
33,17.345,2.784,1063849,1699
34,17.8935,2.742,1063849,1699
35,17.9082,2.887,1063849,1699
36,17.6762,2.884,1063849,1699
37,17.6277,2.737,1063849,1699
38,18.7657,2.734,1063849,1699
39,17.3833,3.058,1063849,1699
40,18.183,2.842,1063849,1699
41,17.7527,2.726,1063849,1699
42,18.3548,2.775,1063849,1699
43,17.722,2.957,1063849,1699
44,17.4657,2.744,1063849,1699
45,18.3746,2.711,1063849,1699
46,18.4478,2.892,1063849,1699
47,17.885,2.77,1063849,1699
48,18.9246,2.79,1063849,1699
49,17.6477,2.925,1063849,1699
50,17.8352,2.743,1063849,1699
51,17.9409,2.546,1063849,1699
52,17.6168,3.023,1063849,1699
53,17.8254,2.753,1063849,1699
54,18.2412,2.566,1063849,1699
55,18.1943,2.98,1063849,1699
56,17.3672,2.786,1063849,1699
57,16.9508,2.834,1063849,1699
58,18.1128,2.736,1063849,1699
59,17.7772,2.826,1063849,1699
60,17.8126,2.823,1063849,1699
61,16.7278,2.756,1063849,1699
62,17.5996,2.826,1063849,1699
63,18.1456,2.781,1063849,1699
64,17.4762,3.119,1063849,1699
65,17.324,2.737,1063849,1699
66,18.4322,2.624,1063849,1699
67,17.8099,2.962,1063849,1699
68,17.6809,2.737,1063849,1699
69,17.6484,2.572,1063849,1699
70,18.3158,2.699,1063849,1699
71,19.0501,2.938,1063849,1699
72,17.7478,2.983,1063849,1699
73,19.0447,2.65,1063849,1699
74,17.7745,3.205,1063849,1699
75,17.9422,2.756,1063849,1699
76,19.0011,2.618,1063849,1699
77,18.4116,2.845,1063849,1699
78,17.8684,2.946,1063849,1699
79,17.6418,2.712,1063849,1699
80,18.2789,2.643,1063849,1699
81,17.9603,2.985,1063849,1699
82,17.9332,2.881,1063849,1699
83,17.3786,2.696,1063849,1699
84,19.1326,2.717,1063849,1699
85,18.3074,2.928,1063849,1699
86,18.5324,2.602,1063849,1699
87,17.812,2.716,1063849,1699
88,19.3355,2.718,1063849,1699
89,18.229,2.842,1063849,1699
90,18.2439,3.024,1063849,1699
91,18.4353,2.755,1063849,1699
92,17.5283,2.839,1063849,1699
93,19.456,2.832,1063849,1699
94,18.2774,2.844,1063849,1699
95,18.9252,2.718,1063849,1699
96,18.3498,2.804,1063849,1699
97,19.4581,2.759,1063849,1699
98,18.1537,2.863,1063849,1699
99,18.5664,2.826,1063849,1699
100,18.9834,2.541,1063849,1699
101,18.5073,3.124,1063849,1699
102,18.1062,2.808,1063849,1699
103,19.5238,2.817,1063849,1699
104,18.1508,2.831,1063849,1699
105,19.0921,2.805,1063849,1699
106,18.1692,2.987,1063849,1699
107,19.6073,2.643,1063849,1699
108,18.8227,2.969,1063849,1699
109,18.3323,2.911,1063849,1699
110,18.6468,2.651,1063849,1699
111,18.7258,2.787,1063849,1699
112,18.5098,2.841,1063849,1699
113,18.0248,2.856,1063849,1699
114,18.9359,2.782,1063849,1699
115,19.0597,3.051,1063849,1699
116,18.0108,2.872,1063849,1699
117,18.2915,2.791,1063849,1699
118,18.8742,2.829,1063849,1699
119,18.1315,3.361,1063849,1699
120,19.3171,2.826,1063849,1699
121,18.4718,2.865,1063849,1699
122,18.6974,2.968,1063849,1699
123,18.7665,2.648,1063849,1699
124,18.1132,2.94,1063849,1699
125,18.6327,2.811,1063849,1699
126,17.9774,2.913,1063849,1699
127,18.0577,2.673,1063849,1699
128,18.9158,2.676,1063849,1699
129,18.4531,2.93,1063849,1699
130,19.2223,2.853,1063849,1699
131,18.2804,2.916,1063849,1699
132,18.0716,3.253,1063849,1699
133,17.7229,2.776,1063849,1699
134,18.7937,2.835,1063849,1699
135,18.6789,3.051,1063849,1699
136,18.0173,2.958,1063849,1699
137,18.4805,2.909,1063849,1699
138,17.7632,2.933,1063849,1699
139,17.7401,2.823,1063849,1699
140,18.1252,2.691,1063849,1699
141,18.2413,2.907,1063849,1699
142,17.6874,2.804,1063849,1699
143,18.3946,2.872,1063849,1699
144,18.4291,2.828,1063849,1699
145,17.9643,2.977,1063849,1699
146,18.1542,2.775,1063849,1699
147,19.113,2.812,1063849,1699
148,17.7339,2.792,1063849,1699
149,17.9694,2.787,1063849,1699
150,18.4123,2.708,1063849,1699
151,19.3103,2.756,1063849,1699
152,18.157,2.996,1063849,1699
153,18.6306,2.924,1063849,1699
154,18.1546,2.722,1063849,1699
155,19.4741,2.915,1063849,1699
156,18.1939,3.034,1063849,1699
157,17.9154,2.882,1063849,1699
158,19.0804,2.801,1063849,1699
159,18.0533,2.92,1063849,1699
160,18.0682,2.704,1063849,1699
161,18.8426,2.92,1063849,1699
162,17.8343,2.84,1063849,1699
163,17.9418,2.749,1063849,1699
164,19.5752,2.653,1063849,1699
165,18.2366,2.833,1063849,1699
166,18.2775,2.825,1063849,1699
167,19.1855,2.781,1063849,1699
168,18.7102,2.948,1063849,1699
169,18.2762,2.838,1063849,1699
170,18.95,2.647,1063849,1699
171,18.7882,2.885,1063849,1699
172,18.1515,2.912,1063849,1699
173,18.1448,2.708,1063849,1699
174,17.9609,2.808,1063849,1699
175,19.1534,2.76,1063849,1699
176,18.7647,3.025,1063849,1699
177,19.018,2.956,1063849,1699
178,18.7211,2.769,1063849,1699
179,18.283,2.85,1063849,1699
180,18.7546,2.841,1063849,1699
181,18.6538,2.822,1063849,1699
182,19.7253,2.746,1063849,1699
183,19.2928,2.872,1063849,1699
184,18.4193,2.763,1063849,1699
185,18.868,2.882,1063849,1699
186,19.1878,2.731,1063849,1699
187,18.1741,2.977,1063849,1699
188,18.2574,2.85,1063849,1699
189,20.067,2.758,1063849,1699
190,18.513,2.995,1063849,1699
191,18.3603,2.79,1063849,1699
192,18.4662,2.889,1063849,1699
193,19.2132,2.853,1063849,1699
194,18.6266,2.641,1063849,1699
195,19.2136,2.692,1063849,1699
196,18.6917,2.989,1063849,1699
197,18.7117,2.752,1063849,1699
198,19.9962,2.746,1063849,1699
199,18.9691,3.068,1063849,1699
200,18.6549,2.703,1063849,1699
201,19.0463,2.803,1063849,1699
202,18.3918,3.121,1063849,1699
203,19.5552,2.63,1063849,1699
204,18.8438,2.874,1063849,1699
205,19.2092,2.864,1063849,1699
206,18.8734,2.711,1063849,1699
207,18.7019,2.701,1063849,1699
208,19.5685,2.61,1063849,1699
209,18.8726,3.249,1063849,1699
210,19.1156,2.695,1063849,1699
211,19.3109,3.192,1063849,1699
212,18.5034,2.643,1063849,1699
213,19.2687,2.51,1063849,1699
214,19.827,2.894,1063849,1699
215,18.3496,2.856,1063849,1699
216,18.6132,2.711,1063849,1699
217,18.6353,2.915,1063849,1699
218,19.592,2.7,1063849,1699
219,19.3434,2.922,1063849,1699
220,18.3713,2.86,1063849,1699
221,19.6234,2.537,1063849,1699
222,18.8105,2.99,1063849,1699
223,18.3246,2.99,1063849,1699
224,18.8828,2.619,1063849,1699
225,19.2936,3.108,1063849,1699
226,18.4714,2.869,1063849,1699
227,19.1818,2.611,1063849,1699
228,18.9018,2.758,1063849,1699
229,18.5096,3.012,1063849,1699
230,18.8857,2.822,1063849,1699
231,19.3258,2.867,1063849,1699
232,18.4155,3.115,1063849,1699
233,18.3899,2.663,1063849,1699
234,18.2112,2.688,1063849,1699
235,18.4576,2.754,1063849,1699
236,19.4716,2.588,1063849,1699
237,18.9792,2.707,1063849,1699
238,20.5441,2.587,1063849,1699
239,19.0607,3.674,1063849,1699
240,18.7812,2.676,1063849,1699
241,18.9916,2.616,1063849,1699
242,19.4326,2.826,1063849,1699
243,18.5487,2.879,1063849,1699
244,19.3974,2.63,1063849,1699
245,19.0866,2.9,1063849,1699
246,19.5178,2.869,1063849,1699
247,18.9987,2.806,1063849,1699
248,19.1937,2.845,1063849,1699
249,19.0652,2.737,1063849,1699
250,18.723,2.733,1063849,1699
251,19.2493,2.722,1063849,1699
252,18.7674,2.983,1063849,1699
253,19.4172,2.673,1063849,1699
254,18.7837,2.548,1063849,1699
255,19.954,2.578,1063849,1699
256,19.2535,2.921,1063849,1699
257,19.104,2.786,1063849,1699
258,18.1573,2.687,1063849,1699
259,18.7456,2.806,1063849,1699
260,18.2656,2.632,1063849,1699
261,18.881,2.735,1063849,1699
262,18.5965,2.856,1063849,1699
263,18.2597,2.687,1063849,1699
264,18.2236,2.848,1063849,1699
265,19.2193,2.583,1063849,1699
266,19.3528,3.008,1063849,1699
267,17.9427,2.879,1063849,1699
268,18.0808,2.804,1063849,1699
269,19.288,2.771,1063849,1699
270,17.6924,2.839,1063849,1699
271,18.6347,2.757,1063849,1699
272,17.9101,2.84,1063849,1699
273,19.0142,2.678,1063849,1699
274,17.8126,2.789,1063849,1699
275,17.7094,2.651,1063849,1699
276,18.05,2.678,1063849,1699
277,17.861,2.718,1063849,1699
278,18.6629,2.708,1063849,1699
279,17.6647,2.598,1063849,1699
280,18.8975,3.859,1063849,1699
281,18.4987,2.959,1063849,1699
282,19.4108,2.688,1063849,1699
283,18.271,2.925,1063849,1699
284,17.9354,2.668,1063849,1699
285,18.4254,2.747,1063849,1699
286,19.0293,2.908,1063849,1699
287,18.1236,2.798,1063849,1699
288,18.1457,2.757,1063849,1699
289,19.6686,2.745,1063849,1699
290,18.358,2.801,1063849,1699
291,18.4511,2.708,1063849,1699
292,18.9633,2.929,1063849,1699
293,18.4347,2.772,1063849,1699
294,18.6769,2.682,1063849,1699
295,18.2727,2.557,1063849,1699
296,17.4839,2.605,1063849,1699
297,18.1948,2.795,1063849,1699
298,18.318,2.79,1063849,1699
299,18.9402,2.671,1063849,1699
300,18.6148,3.244,1063849,1699
301,18.1152,2.984,1063849,1699
302,19.025,2.841,1063849,1699
303,18.5491,3.133,1063849,1699
304,18.2585,2.831,1063849,1699
305,19.0424,2.716,1063849,1699
306,18.5844,3.223,1063849,1699
307,19.6413,2.808,1063849,1699
308,18.858,2.814,1063849,1699
309,18.654,2.8,1063849,1699
310,18.5889,2.901,1063849,1699
311,19.674,2.697,1063849,1699
312,18.5028,2.775,1063849,1699
313,18.6864,2.655,1063849,1699
314,19.5934,2.675,1063849,1699
315,18.5007,2.83,1063849,1699
316,19.2078,2.879,1063849,1699
317,19.0231,2.788,1063849,1699
318,18.1146,2.8,1063849,1699
319,19.1207,2.895,1063849,1699
320,18.4914,3.003,1063849,1699
321,19.6783,2.765,1063849,1699
322,19.0202,3.077,1063849,1699
323,18.5631,2.756,1063849,1699
324,20.2558,2.757,1063849,1699
325,19.8225,2.866,1063849,1699
326,19.1618,2.823,1063849,1699
327,19.7056,2.8,1063849,1699
328,19.4561,2.554,1063849,1699
329,18.9441,3.024,1063849,1699
330,19.0676,2.861,1063849,1699
331,20.4155,2.817,1063849,1699
332,19.2374,3.041,1063849,1699
333,19.0719,2.638,1063849,1699
334,18.9394,2.785,1063849,1699
335,18.9472,2.817,1063849,1699
336,20.5637,2.793,1063849,1699
337,19.1006,3.173,1063849,1699
338,19.6186,2.642,1063849,1699
339,19.8189,2.819,1063849,1699
340,19.0893,2.994,1063849,1699
341,19.3164,2.726,1063849,1699
342,18.9484,2.689,1063849,1699
343,19.7662,2.726,1063849,1699
344,19.955,2.943,1063849,1699
345,18.979,3.038,1063849,1699
346,19.2336,2.848,1063849,1699
347,20.1209,2.538,1063849,1699
348,19.2851,3,1063849,1699
349,19.1394,2.669,1063849,1699
350,19.743,2.673,1063849,1699
351,19.2816,2.927,1063849,1699
352,20.5453,2.861,1063849,1699
353,19.2078,2.823,1063849,1699
354,19.7007,2.695,1063849,1699
355,19.0777,2.798,1063849,1699
356,19.1622,2.67,1063849,1699
357,19.7218,2.668,1063849,1699
358,20.0079,2.965,1063849,1699
359,19.3479,2.971,1063849,1699
360,19.7708,2.818,1063849,1699
361,19.6943,2.927,1063849,1699
362,19.7508,2.798,1063849,1699
363,20.9029,2.802,1063849,1699
364,19.4797,2.934,1063849,1699
365,20.1759,2.676,1063849,1699
366,19.7034,2.942,1063849,1699
367,20.9518,2.89,1063849,1699
368,19.674,2.923,1063849,1699
369,20.4377,2.658,1063849,1699
370,20.135,2.82,1063849,1699
371,19.6313,2.734,1063849,1699
372,20.5801,2.745,1063849,1699
373,19.7272,2.521,1063849,1699
374,20.5005,2.86,1063849,1699
375,20.2175,3.095,1063849,1699
376,20.5516,2.861,1063849,1699
377,20.4841,2.807,1063849,1699
378,20.8186,2.909,1063849,1699
379,20.1822,2.958,1063849,1699
380,20.9452,2.685,1063849,1699
381,20.0516,3.047,1063849,1699
382,19.7651,2.724,1063849,1699
383,21.5337,2.8,1063849,1699
384,20.9498,2.938,1063849,1699
385,20.3267,2.887,1063849,1699
386,20.6013,2.832,1063849,1699
387,20.3092,3.089,1063849,1699
388,20.3421,2.793,1063849,1699
389,19.7493,2.648,1063849,1699
390,20.7668,2.659,1063849,1699
391,21.1938,2.968,1063849,1699
392,20.3831,2.958,1063849,1699
393,20.9964,2.725,1063849,1699
394,20.0944,2.795,1063849,1699
395,20.7624,2.749,1063849,1699
396,19.9458,2.961,1063849,1699
397,20.4119,2.816,1063849,1699
398,20.5406,2.762,1063849,1699
399,19.6749,2.647,1063849,1699
400,20.7077,2.549,1063849,1699
401,20.2596,3.003,1063849,1699
402,19.7196,2.708,1063849,1699
403,19.2991,2.8,1063849,1699
404,19.9791,2.585,1063849,1699
405,21.5039,2.775,1063849,1699
406,19.7348,2.92,1063849,1699
407,21.611,2.626,1063849,1699
408,21.1212,3.288,1063849,1699
409,19.7331,3.137,1063849,1699
410,20.8555,2.864,1063849,1699
411,19.1095,2.95,1063849,1699
412,20.1272,2.644,1063849,1699
413,20.6038,2.871,1063849,1699
414,19.694,2.787,1063849,1699
415,19.4753,2.667,1063849,1699
416,20.1818,2.597,1063849,1699
417,19.7574,3.032,1063849,1699
418,20.5119,2.854,1063849,1699
419,19.8471,2.911,1063849,1699
420,19.4522,2.701,1063849,1699
421,21.1899,2.858,1063849,1699
422,20.0098,3.217,1063849,1699
423,19.6793,2.787,1063849,1699
424,19.1927,2.773,1063849,1699
425,19.338,2.569,1063849,1699
426,19.9729,2.653,1063849,1699
427,19.8975,2.783,1063849,1699
428,19.5941,2.914,1063849,1699
429,19.8456,2.903,1063849,1699
430,19.5237,2.828,1063849,1699
431,18.8915,2.822,1063849,1699
432,19.8865,2.715,1063849,1699
433,20.789,2.871,1063849,1699
434,19.4915,2.942,1063849,1699
435,19.6723,2.691,1063849,1699
436,19.8781,2.559,1063849,1699
437,19.2434,3.032,1063849,1699
438,19.187,2.98,1063849,1699
439,20.125,2.718,1063849,1699
440,19.8804,2.779,1063849,1699
441,19.0454,3.129,1063849,1699
442,19.466,2.81,1063849,1699
443,18.8979,2.685,1063849,1699
444,19.5921,2.838,1063849,1699
445,18.8676,2.684,1063849,1699
446,20.4995,3.078,1063849,1699
447,20.0805,2.764,1063849,1699
448,19.4338,2.94,1063849,1699
449,19.153,2.911,1063849,1699
450,19.9574,2.654,1063849,1699
451,19.6421,2.763,1063849,1699
452,19.4532,2.689,1063849,1699
453,18.7671,2.868,1063849,1699
454,19.5872,2.894,1063849,1699
455,19.1328,3.593,1063849,1699
456,19.6901,2.99,1063849,1699
457,19.0705,2.747,1063849,1699
458,19.6496,2.846,1063849,1699
459,19.6774,2.719,1063849,1699
460,19.2409,2.94,1063849,1699
461,19.7674,2.703,1063849,1699
462,19.4259,2.802,1063849,1699
463,18.9431,2.787,1063849,1699
464,20.4085,2.676,1063849,1699
465,19.2528,3.004,1063849,1699
466,20.3188,2.7,1063849,1699
467,19.9029,2.812,1063849,1699
468,19.9497,2.793,1063849,1699
469,19.2868,3.049,1063849,1699
470,19.441,2.827,1063849,1699
471,20.5523,2.851,1063849,1699
472,19.3624,2.949,1063849,1699
473,19.5771,2.62,1063849,1699
474,19.576,2.769,1063849,1699
475,20.0145,2.835,1063849,1699
476,19.2092,2.782,1063849,1699
477,19.2788,2.895,1063849,1699
478,19.9961,2.794,1063849,1699
479,18.9063,3.091,1063849,1699
480,20.1605,2.831,1063849,1699
481,18.9107,2.845,1063849,1699
482,18.9924,2.613,1063849,1699
483,18.8854,2.668,1063849,1699
484,20.5997,2.55,1063849,1699
485,19.7085,2.891,1063849,1699
486,18.9384,2.761,1063849,1699
487,18.7976,2.838,1063849,1699
488,19.0771,2.653,1063849,1699
489,18.7524,2.853,1063849,1699
490,19.1053,2.895,1063849,1699
491,19.737,2.932,1063849,1699
492,18.6958,2.883,1063849,1699
493,19.4645,2.896,1063849,1699
494,19.0052,2.582,1063849,1699
495,19.6563,2.873,1063849,1699
496,18.8068,2.599,1063849,1699
497,20.0223,2.587,1063849,1699
498,19.4323,3.059,1063849,1699
499,19.1522,2.733,1063849,1699
500,19.2016,2.8,1063849,1699
501,20.223,2.622,1063849,1699
502,19.2026,2.824,1063849,1699
503,19.169,2.819,1063849,1699
504,20.2462,2.854,1063849,1699
505,18.8067,2.948,1063849,1699
506,19.4776,2.818,1063849,1699
507,19.1385,2.883,1063849,1699
508,19.77,2.929,1063849,1699
509,19.2203,2.603,1063849,1699
510,20.0385,2.65,1063849,1699
511,20.6197,3.05,1063849,1699
512,19.3385,2.782,1063849,1699
513,19.679,2.924,1063849,1699
514,19.5328,2.885,1063849,1699
515,19.0123,2.836,1063849,1699
516,19.2062,2.8,1063849,1699
517,19.5294,2.679,1063849,1699
518,20.1518,2.684,1063849,1699
519,19.7482,2.86,1063849,1699
520,19.478,2.97,1063849,1699
521,19.2331,2.761,1063849,1699
522,19.7691,2.695,1063849,1699
523,19.2016,3.024,1063849,1699
524,18.5479,2.724,1063849,1699
525,19.5112,2.632,1063849,1699
526,19.3119,2.77,1063849,1699
527,19.3432,2.565,1063849,1699
528,19.4044,3.272,1063849,1699
529,18.9508,3.081,1063849,1699
530,18.7144,2.812,1063849,1699
531,19.527,2.803,1063849,1699
532,18.7214,2.984,1063849,1699
533,19.4312,2.828,1063849,1699
534,18.5332,2.796,1063849,1699
535,19.3522,2.764,1063849,1699
536,19.3456,2.833,1063849,1699
537,18.6431,3.11,1063849,1699
538,19.2444,2.687,1063849,1699
539,18.558,2.653,1063849,1699
540,18.2428,2.589,1063849,1699
541,20.0368,2.61,1063849,1699
542,20.133,2.996,1063849,1699
543,18.5972,3.253,1063849,1699
544,18.5203,2.755,1063849,1699
545,18.5099,2.887,1063849,1699
546,20.0093,2.666,1063849,1699
547,18.4264,3.142,1063849,1699
548,19.6489,2.671,1063849,1699
549,18.4728,2.783,1063849,1699
550,20.2805,2.722,1063849,1699
551,18.9006,2.907,1063849,1699
552,19.2157,2.588,1063849,1699
553,19.3319,2.771,1063849,1699
554,19.7525,2.744,1063849,1699
555,18.8774,2.953,1063849,1699
556,19.7637,2.63,1063849,1699
557,18.9747,2.906,1063849,1699
558,18.3938,2.794,1063849,1699
559,19.8829,2.712,1063849,1699
560,19.253,2.832,1063849,1699
561,18.9529,2.825,1063849,1699
562,18.8316,2.982,1063849,1699
563,19.3883,2.733,1063849,1699
564,18.7459,2.756,1063849,1699
565,18.3776,2.811,1063849,1699
566,19.2712,2.587,1063849,1699
567,18.95,2.827,1063849,1699
568,18.4436,2.819,1063849,1699
569,18.6524,3.161,1063849,1699
570,18.4632,2.672,1063849,1699
571,18.5854,2.943,1063849,1699
572,18.729,2.761,1063849,1699
573,18.0697,2.878,1063849,1699
574,17.84,2.727,1063849,1699
575,18.4966,2.819,1063849,1699
576,20.018,2.515,1063849,1699
577,18.37,2.987,1063849,1699
578,19.2544,2.711,1063849,1699
579,18.2696,2.842,1063849,1699
580,18.208,2.9,1063849,1699
581,18.9546,2.767,1063849,1699
582,19.1889,2.968,1063849,1699
583,18.2412,2.938,1063849,1699
584,18.774,3.046,1063849,1699
585,18.6442,2.724,1063849,1699
586,19.8688,2.932,1063849,1699
587,18.2447,2.927,1063849,1699
588,18.8291,2.63,1063849,1699
589,18.7479,2.853,1063849,1699
590,18.4448,2.804,1063849,1699
591,18.2729,2.965,1063849,1699
592,18.6818,2.804,1063849,1699
593,19.1458,2.967,1063849,1699
594,19.1372,2.944,1063849,1699
595,18.4364,2.858,1063849,1699
596,19.1932,2.761,1063849,1699
597,18.4043,2.636,1063849,1699
598,19.3726,2.707,1063849,1699
599,18.4866,2.881,1063849,1699
600,19.5596,2.715,1063849,1699
601,18.2302,2.9,1063849,1699
602,19.0615,2.569,1063849,1699
603,19.1726,2.872,1063849,1699
604,18.9183,3.085,1063849,1699
605,19.3062,3.061,1063849,1699
606,18.4048,2.78,1063849,1699
607,19.4226,2.585,1063849,1699
608,19.2936,2.794,1063849,1699
609,18.4165,2.878,1063849,1699
610,18.7301,2.786,1063849,1699
611,18.3763,2.646,1063849,1699
612,21.1545,2.675,1063849,1699
613,18.5788,3.144,1063849,1699
614,18.7302,2.861,1063849,1699
615,19.2227,2.575,1063849,1699
616,18.6024,2.955,1063849,1699
617,19.115,2.698,1063849,1699
618,18.5237,3.07,1063849,1699
619,19.4719,2.658,1063849,1699
620,18.3531,2.887,1063849,1699
621,18.5728,2.596,1063849,1699
622,20.15,2.69,1063849,1699
623,18.2647,2.774,1063849,1699
624,19.4745,2.756,1063849,1699
625,18.3358,2.788,1063849,1699
626,19.9549,2.708,1063849,1699
627,19.4258,2.845,1063849,1699
628,18.4789,2.88,1063849,1699
629,20.1372,2.864,1063849,1699
630,18.8969,2.817,1063849,1699
631,19.108,2.647,1063849,1699
632,19.2943,3.024,1063849,1699
633,19.072,2.845,1063849,1699
634,18.8408,2.732,1063849,1699
635,19.3845,2.708,1063849,1699
636,19.7452,3.07,1063849,1699
637,18.787,3.084,1063849,1699
638,19.2922,2.682,1063849,1699
639,19.2932,3.037,1063849,1699
640,19.4271,2.837,1063849,1699
641,19.5235,2.91,1063849,1699
642,18.557,2.65,1063849,1699
643,18.889,2.785,1063849,1699
644,20.5713,2.638,1063849,1699
645,20.2568,2.868,1063849,1699
646,19.212,2.958,1063849,1699
647,19.1144,2.598,1063849,1699
648,19.9452,2.579,1063849,1699
649,20.015,2.834,1063849,1699
650,19.0216,3.194,1063849,1699
651,19.949,2.706,1063849,1699
652,18.9568,2.941,1063849,1699
653,19.4675,2.989,1063849,1699
654,19.1531,2.853,1063849,1699
655,19.6556,2.824,1063849,1699
656,19.3282,2.857,1063849,1699
657,20.413,2.75,1063849,1699
658,19.81,2.996,1063849,1699
659,18.8801,2.726,1063849,1699
660,19.4238,2.779,1063849,1699
661,19.0887,2.83,1063849,1699
662,19.2415,2.862,1063849,1699
663,18.962,2.982,1063849,1699
664,19.1222,2.723,1063849,1699
665,19.5011,2.964,1063849,1699
666,18.8808,2.667,1063849,1699
667,18.7869,2.892,1063849,1699
668,20.0646,2.54,1063849,1699
669,19.4767,3.458,1063849,1699
670,19.1072,2.948,1063849,1699
671,20.093,2.656,1063849,1699
672,18.9706,2.814,1063849,1699
673,19.6117,2.964,1063849,1699
674,19.2743,2.829,1063849,1699
675,19.0414,2.821,1063849,1699
676,18.9016,3.004,1063849,1699
677,19.5402,3.094,1063849,1699
678,18.7429,2.788,1063849,1699
679,19.9078,2.779,1063849,1699
680,18.6743,2.568,1063849,1699
681,19.5549,2.534,1063849,1699
682,18.8823,2.853,1063849,1699
683,20.0288,2.777,1063849,1699
684,19.5474,2.861,1063849,1699
685,18.9068,2.926,1063849,1699
686,19.5345,3.188,1063849,1699
687,18.305,2.802,1063849,1699
688,18.5909,2.584,1063849,1699
689,18.7888,2.695,1063849,1699
690,20.6091,2.754,1063849,1699
691,19.0261,3.751,1063849,1699
692,19.8412,2.904,1063849,1699
693,19.4318,2.72,1063849,1699
694,19.6817,3.006,1063849,1699
695,18.8533,2.769,1063849,1699
696,19.5413,2.579,1063849,1699
697,19.2032,3.254,1063849,1699
698,19.1537,2.759,1063849,1699
699,19.6145,2.645,1063849,1699
700,18.6712,2.641,1063849,1699
701,19.8462,2.695,1063849,1699
702,19.0655,2.989,1063849,1699
703,19.4957,2.807,1063849,1699
704,19.5951,2.665,1063849,1699
705,18.7721,2.537,1063849,1699
706,19.4587,2.616,1063849,1699
707,20.0886,2.92,1063849,1699
708,18.7061,2.927,1063849,1699
709,18.6766,2.719,1063849,1699
710,18.448,2.944,1063849,1699
711,18.61,2.905,1063849,1699
712,18.8062,2.772,1063849,1699
713,19.719,2.786,1063849,1699
714,18.7746,3.017,1063849,1699
715,20.0538,2.737,1063849,1699
716,18.9675,3.141,1063849,1699
717,18.6795,2.655,1063849,1699
718,18.6458,2.604,1063849,1699
719,20.1507,2.781,1063849,1699
720,18.8992,3.054,1063849,1699
721,18.86,2.986,1063849,1699
722,18.8602,2.762,1063849,1699
723,18.8418,2.574,1063849,1699
724,18.7018,2.669,1063849,1699
725,18.9499,2.845,1063849,1699
726,19.8578,2.56,1063849,1699
727,18.7926,2.614,1063849,1699
728,20.3521,2.795,1063849,1699
729,19.7681,2.93,1063849,1699
730,19.1402,2.999,1063849,1699
731,19.3839,2.791,1063849,1699
732,19.6753,2.935,1063849,1699
733,19.0411,3.142,1063849,1699
734,19.5936,2.706,1063849,1699
735,20.104,3.049,1063849,1699
736,19.1021,2.858,1063849,1699
737,19.1316,2.602,1063849,1699
738,19.2996,2.7,1063849,1699
739,19.1322,2.834,1063849,1699
740,18.8618,2.637,1063849,1699
741,20.665,2.588,1063849,1699
742,19.2805,2.812,1063849,1699
743,20.5782,2.925,1063849,1699
744,20.0918,2.787,1063849,1699
745,19.1347,3.207,1063849,1699
746,19.2514,2.644,1063849,1699
747,19.142,2.875,1063849,1699
748,19.145,2.673,1063849,1699
749,19.7727,2.849,1063849,1699
750,19.7073,2.993,1063849,1699
751,19.0947,2.826,1063849,1699
752,20.3327,2.662,1063849,1699
753,19.615,2.766,1063849,1699
754,18.9591,2.738,1063849,1699
755,19.7179,2.849,1063849,1699
756,19.125,2.744,1063849,1699
757,18.6476,2.579,1063849,1699
758,19.6566,2.677,1063849,1699
759,19.4376,2.895,1063849,1699
760,18.8524,2.857,1063849,1699
761,18.8851,2.777,1063849,1699
762,18.7844,2.611,1063849,1699
763,19.4307,2.596,1063849,1699
764,19.5614,2.942,1063849,1699
765,19.0955,2.838,1063849,1699
766,18.8962,2.75,1063849,1699
767,18.1921,2.712,1063849,1699
768,19.1065,2.799,1063849,1699
769,19.781,3.174,1063849,1699
770,19.6763,2.809,1063849,1699
771,19.4774,2.827,1063849,1699
772,19.3172,2.897,1063849,1699
773,18.9588,2.97,1063849,1699
774,19.8112,2.829,1063849,1699
775,18.6408,2.926,1063849,1699
776,18.5242,2.824,1063849,1699
777,19.4177,2.606,1063849,1699
778,19.8366,2.596,1063849,1699
779,18.9279,3.171,1063849,1699
780,19.4518,2.787,1063849,1699
781,19.3844,2.64,1063849,1699
782,19.3447,3.507,1063849,1699
783,18.7626,2.907,1063849,1699
784,20.3274,2.966,1063849,1699
785,19.1572,3.042,1063849,1699
786,18.9057,2.657,1063849,1699
787,19.4474,2.61,1063849,1699
788,19.7107,3.014,1063849,1699
789,18.9017,2.994,1063849,1699
790,20.456,2.752,1063849,1699
791,18.9902,3.048,1063849,1699
792,18.8587,2.84,1063849,1699
793,18.7315,2.66,1063849,1699
794,18.973,2.732,1063849,1699
795,20.5766,2.701,1063849,1699
796,18.7507,3.761,1063849,1699
797,19.1059,2.706,1063849,1699
798,19.5104,2.654,1063849,1699
799,18.8578,2.979,1063849,1699
800,19.022,2.967,1063849,1699
801,18.5153,2.553,1063849,1699
802,18.9486,2.633,1063849,1699
803,19.3739,2.814,1063849,1699
804,18.4116,2.973,1063849,1699
805,19.4425,2.718,1063849,1699
806,19.7648,2.847,1063849,1699
807,17.9169,2.838,1063849,1699
808,18.3324,2.785,1063849,1699
809,19.8639,2.811,1063849,1699
810,18.341,3.7,1063849,1699
811,18.4209,2.778,1063849,1699
812,19.2154,2.75,1063849,1699
813,18.4183,2.965,1063849,1699
814,19.277,2.752,1063849,1699
815,18.3494,2.593,1063849,1699
816,19.3793,2.498,1063849,1699
817,18.328,3.152,1063849,1699
818,18.5806,2.92,1063849,1699
819,19.8681,2.716,1063849,1699
820,18.3879,2.833,1063849,1699
821,18.9081,2.686,1063849,1699
822,19.3799,2.76,1063849,1699
823,18.897,2.798,1063849,1699
824,18.7138,2.71,1063849,1699
825,19.2602,2.852,1063849,1699
826,18.6484,3.213,1063849,1699
827,18.8086,2.732,1063849,1699
828,19.3896,2.685,1063849,1699
829,18.4634,2.914,1063849,1699
830,19.1118,2.719,1063849,1699
831,19.3979,2.965,1063849,1699
832,18.6532,3.395,1063849,1699
833,18.5412,2.762,1063849,1699
834,19.1977,2.95,1063849,1699
835,18.4021,2.908,1063849,1699
836,18.4168,2.509,1063849,1699
837,18.5191,2.76,1063849,1699
838,18.8429,2.618,1063849,1699
839,19.505,3.007,1063849,1699
840,18.5696,3.142,1063849,1699
841,18.2731,2.726,1063849,1699
842,18.7338,2.952,1063849,1699
843,18.7782,2.967,1063849,1699
844,18.4422,2.844,1063849,1699
845,18.8262,2.9,1063849,1699
846,18.547,3.131,1063849,1699
847,18.6132,2.769,1063849,1699
848,18.5089,2.654,1063849,1699
849,19.3159,2.573,1063849,1699
850,18.6932,2.877,1063849,1699
851,19.7458,2.684,1063849,1699
852,18.4397,2.781,1063849,1699
853,19.2519,2.822,1063849,1699
854,18.5442,2.899,1063849,1699
855,19.6469,2.607,1063849,1699
856,19.378,2.868,1063849,1699
857,18.9916,2.903,1063849,1699
858,19.3394,2.798,1063849,1699
859,18.8258,2.786,1063849,1699
860,19.3205,3.145,1063849,1699
861,18.5348,2.977,1063849,1699
862,18.6148,2.61,1063849,1699
863,19.8995,2.574,1063849,1699
864,19.1567,3.21,1063849,1699
865,18.7946,3.033,1063849,1699
866,18.6795,2.639,1063849,1699
867,19.2776,2.698,1063849,1699
868,20.4256,2.874,1063849,1699
869,19.0848,2.835,1063849,1699
870,19.6814,2.7,1063849,1699
871,20.0441,2.784,1063849,1699
872,19.284,2.876,1063849,1699
873,19.0579,2.882,1063849,1699
874,19.6059,2.607,1063849,1699
875,19.4142,3.038,1063849,1699
876,20.559,2.792,1063849,1699
877,19.466,2.813,1063849,1699
878,19.0259,2.843,1063849,1699
879,18.8626,2.613,1063849,1699
880,20.1436,2.665,1063849,1699
881,19.2469,3.128,1063849,1699
882,19.7359,2.832,1063849,1699
883,18.8944,3.236,1063849,1699
884,19.2533,2.743,1063849,1699
885,19.4126,3.035,1063849,1699
886,19.1892,2.723,1063849,1699
887,19.9547,2.894,1063849,1699
888,18.7548,2.94,1063849,1699
889,18.6658,2.743,1063849,1699
890,18.8149,2.608,1063849,1699
891,19.9276,2.709,1063849,1699
892,19.4604,3.047,1063849,1699
893,18.0895,2.863,1063849,1699
894,18.3076,2.651,1063849,1699
895,19.4327,2.614,1063849,1699
896,20.3143,2.849,1063849,1699
897,18.8414,2.891,1063849,1699
898,18.6259,2.687,1063849,1699
899,19.6147,2.742,1063849,1699
900,19.3332,2.825,1063849,1699
901,18.8893,2.986,1063849,1699
902,19.081,2.817,1063849,1699
903,19.6568,2.838,1063849,1699
904,19.7882,2.748,1063849,1699
905,19.3482,2.941,1063849,1699
906,18.8361,2.719,1063849,1699
907,19.7857,2.522,1063849,1699
908,19.5486,2.889,1063849,1699
909,20.1109,2.865,1063849,1699
910,19.1985,2.689,1063849,1699
911,19.6539,2.54,1063849,1699
912,18.9873,2.674,1063849,1699
913,20.038,2.683,1063849,1699
914,19.5438,3.366,1063849,1699
915,19.7723,2.795,1063849,1699
916,20.0839,2.716,1063849,1699
917,20.2908,2.779,1063849,1699
918,19.3307,2.71,1063849,1699
919,19.4584,2.601,1063849,1699
920,19.9645,2.834,1063849,1699
921,19.6938,3.299,1063849,1699
922,19.7305,2.673,1063849,1699
923,20.0618,2.862,1063849,1699
924,20.4003,3.09,1063849,1699
925,18.9713,2.751,1063849,1699
926,19.8804,2.524,1063849,1699
927,19.369,2.964,1063849,1699
928,20.4418,2.757,1063849,1699
929,20.3407,2.78,1063849,1699
930,19.5371,2.952,1063849,1699
931,19.2038,2.713,1063849,1699
932,19.3111,2.725,1063849,1699
933,19.1538,2.793,1063849,1699
934,19.0619,2.561,1063849,1699
935,20.415,2.659,1063849,1699
936,19.6993,2.992,1063849,1699
937,19.2844,2.935,1063849,1699
938,19.8574,2.943,1063849,1699
939,19.9188,3.068,1063849,1699
940,19.1737,3.215,1063849,1699
941,19.0144,2.764,1063849,1699
942,19.6134,2.721,1063849,1699
943,18.9106,2.971,1063849,1699
944,19.7498,3.055,1063849,1699
945,20.2828,2.881,1063849,1699
946,19.3546,2.965,1063849,1699
947,19.0521,3.179,1063849,1699
948,19.2775,3.082,1063849,1699
949,19.1874,2.718,1063849,1699
950,19.8938,2.599,1063849,1699
951,19.6031,2.898,1063849,1699
952,19.7998,2.756,1063849,1699
953,20.214,2.819,1063849,1699
954,19.2787,2.913,1063849,1699
955,20.0975,2.569,1063849,1699
956,19.5805,3.092,1063849,1699
957,19.9156,2.721,1063849,1699
958,19.3556,2.722,1063849,1699
959,19.2663,2.75,1063849,1699
960,20.8237,2.591,1063849,1699
961,19.363,3.075,1063849,1699
962,19.8894,2.79,1063849,1699
963,19.2577,2.728,1063849,1699
964,19.7609,2.793,1063849,1699
965,19.7818,2.758,1063849,1699
966,19.7936,2.887,1063849,1699
967,19.3491,2.936,1063849,1699
968,19.2773,2.69,1063849,1699
969,19.7866,2.759,1063849,1699
970,20.0116,2.912,1063849,1699
971,18.904,3.05,1063849,1699
972,19.6936,2.878,1063849,1699
973,19.9132,2.728,1063849,1699
974,19.8514,2.843,1063849,1699
975,19.7458,2.741,1063849,1699
976,19.9054,2.826,1063849,1699
977,19.1079,2.848,1063849,1699
978,19.2026,2.607,1063849,1699
979,19.936,2.646,1063849,1699
980,20.0034,3.035,1063849,1699
981,19.0824,2.753,1063849,1699
982,20.0324,2.766,1063849,1699
983,19.1314,2.743,1063849,1699
984,20.1698,2.717,1063849,1699
985,19.2874,3.679,1063849,1699
986,18.9021,2.743,1063849,1699
987,19.8906,2.577,1063849,1699

config,avg_ms,cpu_avg_ms,low1_ms,worst_ms,tri_avg,draw_avg,frames
naive,19.1256,2.82784,21.2507,21.611,1.06385e+06,1699,968
